run,iteration,uc_set,uc_feedback,online_score,shot1,shot2,shot3,median3,mean3,cv3
短预算1,4,504.0,507.93650793650795,35.224149999999995,36.0856,39.7819,34.3627,36.0856,36.7434,7.535603406386509
短预算1,19,516.0,520.1465201465202,33.15735,33.0549,39.9764,33.2598,33.2598,35.430366666666664,11.1156431606102
短预算1,12,527.0,531.1355311355311,33.800700000000006,29.8027,34.0936,33.5078,33.5078,32.46803333333333,7.166296776147845
短预算1,23,540.0,543.9560439560439,33.24105,29.8354,33.2584,33.2237,33.2237,32.10583333333333,6.124524068905869
短预算1,21,541.0,545.1770451770452,32.8447,28.9431,33.0695,32.6199,32.6199,31.544166666666666,7.176538031684802
短预算1,9,542.0,545.7875457875458,29.40005,29.3533,33.2229,29.4468,29.4468,30.674333333333333,7.1969568585369075
短预算1,22,543.0,547.008547008547,29.476799999999997,29.9565,33.7152,28.9971,29.9565,30.8896,8.07267356123207
短预算1,3,557.0,561.050061050061,33.911550000000005,34.0863,33.0766,33.7368,33.7368,33.63323333333334,1.5245497182508994
短预算1,14,569.0,573.2600732600732,34.10655,33.7887,43.1574,34.4244,34.4244,37.1235,14.102034088357444
短预算1,20,577.0,581.1965811965812,43.492850000000004,42.6968,44.2889,34.62,42.6968,40.53523333333334,12.789428277346504
短预算1,5,586.0,589.7435897435897,34.7038,93.5182,34.3267,35.0809,35.0809,54.30859999999999,62.52896139356044
短预算1,25,594.0,597.6800976800977,35.70825,32.6172,35.3541,36.0624,35.3541,34.6779,5.24662400377024
短预算1,15,601.0,605.006105006105,33.8905,33.0527,36.5024,34.7283,34.7283,34.76113333333333,4.962681572495057
短预算1,17,613.0,617.2161172161173,34.65105,34.6221,35.4565,34.68,34.68,34.919533333333334,1.3342876952089353
短预算1,6,625.0,629.4261294261295,35.763,30.4529,36.0068,35.5192,35.5192,33.99296666666667,9.04736043124384
短预算1,29,631.0,635.5311355311355,31.40455,30.9336,31.3976,31.4115,31.3976,31.247566666666668,0.870441915281126
短预算1,2,638.0,642.8571428571429,31.92465,31.8305,32.0188,30.8837,31.8305,31.57766666666667,1.9264333858823393
短预算1,24,647.0,651.4041514041514,31.9912,31.9325,32.3544,32.0499,32.0499,32.11226666666667,0.6781043779761305
短预算1,8,656.0,660.5616605616606,32.66645,32.7922,32.6798,32.6531,32.6798,32.70836666666667,0.22568840285497915
短预算1,30,662.0,666.6666666666666,32.8069,32.5717,33.0421,33.6293,33.0421,33.08103333333333,1.6017451488961238
短预算1,7,668.0,672.7716727716728,33.983999999999995,34.2909,34.0335,33.9345,34.0335,34.0863,0.5397275451278571
短预算1,27,674.0,678.8766788766789,33.1873,33.2857,33.0889,34.4016,33.2857,33.59206666666667,2.1074864374235096
短预算1,18,680.0,684.3711843711844,33.48425,33.4006,34.4503,33.5679,33.5679,33.806266666666666,1.6682917740979804
短预算1,11,693.0,697.8021978021978,34.2365,34.2312,33.5191,34.2418,34.2312,33.99736666666667,1.2184031641619928
短预算1,10,706.0,710.6227106227107,34.44605,34.3964,34.4957,34.7457,34.4957,34.54593333333333,0.5210065178343518
短预算1,26,713.0,717.3382173382173,34.984,34.8872,35.7539,35.0808,35.0808,35.240633333333335,1.2908963249616672
短预算1,13,721.0,725.2747252747253,35.7612,35.969,34.7782,35.5534,35.5534,35.43353333333334,1.7056770481931813
短预算1,28,728.0,732.6007326007326,35.85625,35.0588,36.1148,35.5977,35.5977,35.59043333333333,1.4836501058564302
短预算1,1,735.0,739.3162393162393,35.1173,35.8355,35.1242,35.1104,35.1242,35.3567,1.1729329061020364
短预算1,16,750.0,754.5787545787546,35.37595,35.5778,36.1096,35.1741,35.5778,35.6205,1.3172456127128989
短预算2,4,504.0,507.93650793650795,37.24205,38.1615,36.3226,33.785,36.3226,36.0897,6.089066553483682
短预算2,19,516.0,520.1465201465202,33.571,31.3219,33.8314,33.3106,33.3106,32.8213,4.035095978346872
短预算2,12,527.0,531.1355311355311,30.23735,30.1214,30.3533,29.066,30.1214,29.8469,2.2988894049692385
短预算2,23,540.0,543.9560439560439,35.428,30.822,35.4393,35.4167,35.4167,33.89266666666666,7.846238168136634
短预算2,21,541.0,545.1770451770452,34.15275,29.5414,33.7742,34.5313,33.7742,32.615633333333335,8.244947032612272
短预算2,9,542.0,545.7875457875458,30.131,29.9716,30.2904,34.4268,30.2904,31.562933333333334,7.874104286646053
短预算2,22,543.0,547.008547008547,34.39385,30.4613,35.1761,33.6116,33.6116,33.083,7.258823870951835
短预算2,3,557.0,561.050061050061,34.55605,35.6537,34.3913,34.7208,34.7208,34.921933333333335,1.8750204887790618
短预算2,14,569.0,573.2600732600732,87.10634999999999,87.2731,46.0255,86.9396,86.9396,73.41273333333334,32.3085994634835
短预算2,20,577.0,581.1965811965812,43.48335,43.4037,34.3917,43.563,43.4037,40.4528,12.977274378243067
短预算2,5,586.0,589.7435897435897,45.48605,35.4299,44.672,46.3001,44.672,42.134,13.914445001989668
短预算2,25,594.0,597.6800976800977,36.400850000000005,36.0874,37.5171,36.7143,36.7143,36.772933333333334,1.948855099913667
短预算2,15,601.0,605.006105006105,36.48415,36.7457,43.6831,36.2226,36.7457,38.8838,10.710211042894295
短预算2,17,613.0,617.2161172161173,36.6537,33.5105,37.3917,35.9157,35.9157,35.60596666666667,5.502029081724716
短预算2,6,625.0,629.4261294261295,36.0209,35.8489,36.1929,32.3042,35.8489,34.782000000000004,6.1891784652763215
短预算2,29,631.0,635.5311355311355,33.538,37.7023,32.9347,34.1413,34.1413,34.9261,7.09726317146869
短预算2,2,638.0,642.8571428571429,32.1084,32.9559,32.1935,32.0233,32.1935,32.390899999999995,1.5332995822287443
短预算2,24,647.0,651.4041514041514,33.2823,33.3906,32.7493,33.174,33.174,33.10463333333333,0.9854475250485013
短预算2,8,656.0,660.5616605616606,32.96025,32.9574,32.9631,32.8672,32.9574,32.929233333333336,0.16337454864801546
短预算2,30,662.0,666.6666666666666,33.51625,33.194,33.8385,38.5126,33.8385,35.1817,8.250277389059514
短预算2,7,668.0,672.7716727716728,33.23609999999999,33.2056,33.2666,32.633,33.2056,33.035066666666665,1.058067165388709
短预算2,27,674.0,678.8766788766789,34.132999999999996,34.0847,34.409,34.1813,34.1813,34.224999999999994,0.48650965007799063
短预算2,18,680.0,684.3711843711844,34.4519,34.3374,34.5664,33.9734,34.3374,34.2924,0.8720595905103625
短预算2,11,693.0,697.8021978021978,34.06895,34.6921,34.1385,33.9994,34.1385,34.27666666666667,1.0690557734175103
短预算2,10,706.0,710.6227106227107,34.549350000000004,34.6167,35.1351,34.482,34.6167,34.7446,0.9924540002951607
短预算2,26,713.0,717.3382173382173,35.399,35.425,35.7054,35.373,35.425,35.501133333333335,0.5036475734166106
短预算2,13,721.0,725.2747252747253,35.2726,35.3638,35.2531,35.2921,35.2921,35.303,0.1590493054624309
短预算2,28,728.0,732.6007326007326,36.4277,36.5566,36.2988,35.1909,36.2988,36.015433333333334,2.0147133997685134
短预算2,1,735.0,739.3162393162393,35.92855,35.7572,35.3788,36.0999,35.7572,35.74529999999999,1.0090760332866209
短预算2,16,750.0,754.5787545787546,35.062,34.9622,35.6,35.1618,35.1618,35.24133333333334,0.9257695740450669
长预算1,4,504.0,507.93650793650795,34.6939,35.359,34.5328,34.855,34.855,34.915600000000005,1.1926483191102326
长预算1,19,516.0,520.1465201465202,33.4023,33.9132,30.4359,32.8914,32.8914,32.4135,5.513848041785773
长预算1,12,527.0,531.1355311355311,32.948350000000005,29.315,33.4814,32.4153,32.4153,31.737233333333336,6.819695999456737
长预算1,54,530.0,534.1880341880342,29.649,29.5295,33.9302,29.7685,29.7685,31.076066666666666,7.96316664816873
长预算1,52,531.0,534.7985347985348,29.6483,29.7633,29.5333,29.0307,29.5333,29.44243333333333,1.272508662835451
长预算1,43,532.0,536.0195360195361,34.02975,30.4411,33.0199,35.0396,33.0199,32.83353333333333,7.019980992946882
长预算1,33,533.0,537.2405372405373,29.1297,28.8701,29.3893,32.6587,29.3893,30.306033333333335,6.777332752011857
长预算1,31,534.0,537.8510378510379,29.11515,29.664,34.163,28.5663,29.664,30.797766666666664,9.629296755005774
长预算1,28,535.0,539.072039072039,28.9482,30.3243,28.9689,28.9275,28.9689,29.406899999999997,2.7026355129658195
长预算1,32,536.0,539.6825396825396,33.1755,29.2782,32.9755,33.3755,32.9755,31.8764,7.086679119094078
长预算1,42,537.0,540.9035409035409,34.4945,29.5224,34.6267,34.3623,34.3623,32.837133333333334,8.751329463972855
长预算1,44,538.0,542.1245421245421,29.68195,29.7486,29.6153,34.3189,29.7486,31.2276,8.575663384620384
长预算1,53,539.0,542.7350427350427,29.4202,29.566,34.0406,29.2744,29.566,30.960333333333335,8.629011234756307
长预算1,9,542.0,545.7875457875458,33.09765,29.6918,32.9071,33.2882,32.9071,31.962366666666668,6.180954746719239
长预算1,25,550.0,553.7240537240538,33.28405,29.6276,33.1631,33.405,33.1631,32.06523333333333,6.5944144784547465
长预算1,3,557.0,561.050061050061,34.3428,30.0961,34.8775,33.8081,33.8081,32.927233333333334,7.621230383266889
长预算1,34,563.0,567.1550671550672,34.77035,34.8288,34.7119,34.9696,34.8288,34.83676666666667,0.37039769839335923
长预算1,59,566.0,570.2075702075703,34.1978,34.4113,91.9137,33.9843,34.4113,53.43643333333333,62.360027187767905
长预算1,14,569.0,573.2600732600732,34.05455,33.4235,34.1688,33.9403,33.9403,33.8442,1.1282003063909698
长预算1,20,577.0,581.1965811965812,34.68545,34.4956,34.8753,34.0933,34.4956,34.48806666666667,1.1338832901443459
长预算1,47,582.0,586.080586080586,35.810050000000004,35.6445,35.9756,35.2546,35.6445,35.624900000000004,1.0130537641153803
长预算1,5,586.0,589.7435897435897,35.169799999999995,34.9794,35.3602,34.3298,34.9794,34.8898,1.4933038024369951
长预算1,40,590.0,594.017094017094,36.0363,36.1124,36.0575,36.0151,36.0575,36.06166666666667,0.13527837861272368
长预算1,24,594.0,597.6800976800977,34.98115,32.3759,35.0284,34.9339,34.9339,34.11273333333333,4.411501504205317
长预算1,51,598.0,601.953601953602,36.042500000000004,35.9752,36.1098,36.3958,36.1098,36.16026666666667,0.5940042290833072
长预算1,15,601.0,605.006105006105,34.800650000000005,34.4596,29.9456,35.1417,34.4596,33.182300000000005,8.509765893916251
长预算1,49,607.0,611.1111111111111,33.6064,33.5467,33.6661,37.166,33.6661,34.79293333333333,5.909254426597574
长预算1,17,613.0,617.2161172161173,33.79375,33.8593,33.7282,36.0377,33.8593,34.54173333333333,3.7554640443465104
长预算1,60,618.0,622.1001221001221,35.8925,31.5057,36.0573,35.7277,35.7277,34.430233333333334,7.371649525939507
长预算1,23,622.0,626.3736263736264,30.87535,30.8472,30.9035,31.2472,30.9035,30.9993,0.6984846641143212
长预算1,22,623.0,626.984126984127,31.2377,31.4887,30.9867,30.4048,30.9867,30.960066666666666,1.7520653451385944
长预算1,21,624.0,628.2051282051282,31.17415,31.1706,30.9272,31.1777,31.1706,31.09183333333333,0.458708356389573
长预算1,6,625.0,629.4261294261295,32.0962,32.1266,32.0658,31.5744,32.0658,31.92226666666667,0.9485269527613596
长预算1,45,632.0,636.7521367521367,32.25395,31.0046,32.0931,32.4148,32.0931,31.837500000000002,2.3212546568519756
长预算1,2,638.0,642.8571428571429,32.098349999999996,31.9056,31.2476,32.2911,31.9056,31.814766666666667,1.658496340932985
长预算1,56,643.0,647.7411477411478,32.8099,32.8248,32.0409,32.795,32.795,32.55356666666667,1.364619466720117
长预算1,38,647.0,651.4041514041514,32.4761,32.6007,35.3381,32.3515,32.6007,33.4301,4.956813287825351
长预算1,46,651.0,655.6776556776557,33.17985,33.1822,33.5571,33.1775,33.1822,33.3056,0.6539983254608364
长预算1,8,656.0,660.5616605616606,32.980000000000004,32.951,33.009,33.1068,33.009,33.02226666666667,0.23845335682286914
长预算1,50,659.0,663.6141636141637,33.773250000000004,33.9007,33.6458,32.7279,33.6458,33.424800000000005,1.845466070580373
长预算1,30,662.0,666.6666666666666,33.24145,33.1823,33.555,33.3006,33.3006,33.34596666666667,0.5711234692935226
长预算1,57,665.0,669.7191697191697,33.9113,33.8393,33.9833,33.6082,33.8393,33.810266666666664,0.5596758984252308
长预算1,7,668.0,672.7716727716728,33.58585,33.3017,33.6361,33.5356,33.5356,33.49113333333333,0.5123069314903541
长预算1,61,671.0,675.8241758241758,32.78425,33.6276,32.6709,32.8976,32.8976,33.06536666666667,1.511938346799836
长预算1,27,674.0,678.8766788766789,33.76645,33.8067,33.4916,33.7262,33.7262,33.67483333333333,0.4861488482719121
长预算1,18,680.0,684.3711843711844,33.131,33.1795,33.0825,32.7163,33.0825,32.99276666666666,0.7404350819269615
长预算1,36,686.0,690.4761904761905,34.86735,34.6498,35.0849,35.5427,35.0849,35.09246666666667,1.2723474045759995
长预算1,11,693.0,697.8021978021978,34.595349999999996,35.0222,34.5696,34.6211,34.6211,34.737633333333335,0.7133001240135122
长预算1,39,699.0,702.6862026862027,34.902100000000004,35.1058,34.6984,34.1568,34.6984,34.65366666666667,1.37381950252699
长预算1,58,702.0,706.3492063492064,34.75265,34.9029,34.6024,33.9529,34.6024,34.486066666666666,1.4080085437285088
长预算1,10,706.0,710.6227106227107,35.0406,35.1253,34.9559,35.6359,35.1253,35.23903333333333,1.0045095446177297
长预算1,26,713.0,717.3382173382173,34.6858,34.8253,34.5463,34.0993,34.5463,34.4903,1.061821267042524
长预算1,41,717.0,721.6117216117216,35.377300000000005,35.5974,35.1572,36.1524,35.5974,35.63566666666667,1.3994471719839812
长预算1,13,721.0,725.2747252747253,34.78055,34.6922,34.8689,34.0964,34.6922,34.5525,1.1714185862597155
长预算1,55,725.0,729.5482295482295,35.3663,35.2976,35.435,35.9544,35.435,35.562333333333335,0.9741208705105457
长预算1,29,728.0,732.6007326007326,35.923249999999996,36.0224,35.8241,35.6156,35.8241,35.820699999999995,0.5678875945134715
长预算1,1,735.0,739.3162393162393,35.642849999999996,35.5835,35.0067,35.7022,35.5835,35.430800000000005,1.0500630424255781
长预算1,35,742.0,746.6422466422466,35.8955,35.7752,36.7785,36.0158,36.0158,36.18983333333333,1.4473730464250654
长预算1,48,746.0,750.3052503052503,36.47605,36.7155,36.2366,35.5356,36.2366,36.16256666666667,1.6409889226719911
长预算1,16,750.0,754.5787545787546,35.5148,34.512,35.5621,35.4675,35.4675,35.18053333333334,1.6511852482425011
长预算2,1,505.0,509.15750915750914,34.09225,34.0735,34.111,34.8553,34.111,34.3466,1.2838125143932448
长预算2,3,522.0,526.2515262515262,34.55535,34.5014,34.6093,30.9525,34.5014,33.3544,6.238475067757214
长预算2,17,535.0,539.072039072039,33.67445,33.4089,33.94,29.2957,33.4089,32.214866666666666,7.890707760378031
长预算2,53,537.0,540.9035409035409,30.1754,30.0781,30.2727,29.5761,30.0781,29.975633333333334,1.1990624445242635
长预算2,52,538.0,542.1245421245421,30.721649999999997,30.647,30.7963,34.5716,30.7963,32.00496666666666,6.948992854822753
长预算2,51,539.0,542.7350427350427,34.71625,30.5827,34.3131,35.1194,34.3131,33.3384,7.259852094550759
长预算2,43,540.0,543.9560439560439,35.004599999999996,30.1494,35.433,34.5762,34.5762,33.3862,8.493622634617518
长预算2,42,541.0,545.1770451770452,30.47125,30.2235,30.719,35.2444,30.719,32.0623,8.629741571425143
长预算2,41,542.0,545.7875457875458,34.959999999999994,31.0471,35.0862,34.8338,34.8338,33.655699999999996,6.72289108046435
长预算2,33,543.0,547.008547008547,30.139400000000002,30.2906,35.9322,29.9882,30.2906,32.07033333333334,10.439213875286601
长预算2,32,544.0,548.2295482295482,30.51105,30.4735,35.1412,30.5486,30.5486,32.05443333333333,8.34044400536028
长预算2,23,545.0,548.8400488400489,34.647400000000005,29.4899,34.546,34.7488,34.546,32.92823333333333,9.048192734245019
长预算2,21,546.0,550.0610500610501,34.5744,30.7866,34.5552,34.5936,34.5552,33.311800000000005,6.565155987335217
长预算2,2,547.0,550.6715506715507,30.6244,29.429,30.2812,30.9676,30.2812,30.225933333333334,2.5500865156607966
长预算2,22,548.0,551.8925518925519,34.223200000000006,33.6638,30.4803,34.7826,33.6638,32.97556666666667,6.769239683156377
长预算2,31,549.0,553.1135531135532,34.9345,34.9002,29.6801,34.9688,34.9002,33.183033333333334,9.142693875401863
长预算2,27,555.0,559.2185592185592,35.2866,30.336,35.2033,35.3699,35.2033,33.6364,8.501040030410772
长预算2,5,561.0,564.7130647130647,34.70165,34.7136,34.5096,34.6897,34.6897,34.63763333333333,0.3219683312997398
长预算2,60,564.0,567.7655677655678,35.48765,35.3458,34.5149,35.6295,35.3458,35.163399999999996,1.6473218087860575
长预算2,44,567.0,570.8180708180709,34.902649999999994,34.9113,34.894,95.5466,34.9113,55.1173,63.52416015611115
长预算2,6,572.0,575.7020757020757,42.855000000000004,41.5025,90.8262,44.2075,44.2075,58.845400000000005,47.12210161321123
长预算2,49,576.0,579.97557997558,94.41565,47.7896,93.6882,95.1431,93.6882,78.87363333333333,34.14244857700652
长预算2,20,581.0,584.8595848595849,45.274699999999996,44.9145,45.6349,35.0444,44.9145,41.864599999999996,14.134709243513905
长预算2,37,586.0,589.7435897435897,43.62605,34.8547,43.6492,43.6029,43.6029,40.70226666666667,12.442044661335423
长预算2,9,591.0,595.2380952380952,35.656099999999995,35.8671,34.7349,35.4451,35.4451,35.34903333333333,1.6186602528316
长预算2,55,595.0,598.9010989010989,36.105999999999995,33.2303,35.9278,36.2842,35.9278,35.14743333333333,4.750907275987592
长预算2,30,598.0,601.953601953602,36.534549999999996,36.6106,36.5437,36.5254,36.5437,36.5599,0.12267744852159873
长预算2,14,604.0,608.0586080586081,36.991600000000005,32.5901,36.9326,37.0506,36.9326,35.524433333333334,7.15533448319696
长预算2,50,608.0,611.7216117216117,32.11695,31.9072,32.3267,36.2563,32.3267,33.49673333333334,7.162016970961084
长预算2,25,612.0,616.6056166056167,36.9399,30.4452,37.0722,36.8076,36.8076,34.775000000000006,10.789503999016842
长预算2,47,616.0,620.2686202686202,31.418100000000003,32.0473,30.7889,33.6582,32.0473,32.16480000000001,4.471516246866908
长预算2,4,620.0,623.9316239316239,31.8338,31.6919,31.3531,31.9757,31.6919,31.67356666666667,0.9841159614887993
长预算2,34,625.0,629.4261294261295,32.122699999999995,32.5362,32.1324,32.113,32.1324,32.260533333333335,0.7406303938836852
长预算2,18,630.0,634.3101343101343,32.66935,32.6496,32.6891,31.9961,32.6496,32.44493333333333,1.1995786601487768
长预算2,38,635.0,639.8046398046398,32.3917,32.3826,32.4008,36.9822,32.4008,33.921866666666666,7.813078387803755
长预算2,10,640.0,644.6886446886447,32.57005,32.1087,32.4703,32.6698,32.4703,32.41626666666667,0.8774167180216739
长预算2,57,643.0,647.7411477411478,31.869500000000002,31.4095,31.8098,31.9292,31.8098,31.71616666666667,0.8582639314053963
长预算2,39,646.0,650.7936507936508,32.391400000000004,32.2023,32.5805,33.2028,32.5805,32.66186666666667,1.5467228113972795
长预算2,19,651.0,655.6776556776557,32.4481,32.4827,32.4135,32.686,32.4827,32.5274,0.43545630343753555
长预算2,48,655.0,659.3406593406594,33.055,33.476,33.1782,32.9318,33.1782,33.19533333333334,0.8209113619291732
长预算2,12,660.0,664.8351648351648,33.328450000000004,34.3998,33.1706,33.4863,33.4863,33.685566666666666,1.895078377606897
长预算2,58,663.0,667.2771672771672,33.377750000000006,33.2488,33.5067,32.9075,33.2488,33.221000000000004,0.9047463446285446
长预算2,26,667.0,671.5506715506715,34.1396,34.0236,33.5029,34.2556,34.0236,33.927366666666664,1.1361542001148706
长预算2,8,674.0,678.8766788766789,33.606700000000004,34.5262,33.4715,33.7419,33.7419,33.9132,1.615356621046039
长预算2,56,677.0,681.3186813186813,33.6383,34.0011,33.6455,33.6311,33.6455,33.759233333333334,0.620826854262109
长预算2,28,681.0,685.5921855921856,34.30655,34.2887,33.4827,34.3244,34.2887,34.031933333333335,1.3986417713341934
长预算2,45,685.0,689.8656898656899,34.501549999999995,34.5661,34.437,34.7475,34.5661,34.58353333333333,0.4510307838712959
长预算2,7,689.0,693.5286935286936,34.741299999999995,34.7119,34.7363,34.7463,34.7363,34.731500000000004,0.05094855416113581
长预算2,35,695.0,699.6336996336996,34.74845,34.7491,34.7478,34.473,34.7478,34.65663333333333,0.4588802913121941
长预算2,15,701.0,705.7387057387058,34.650400000000005,35.0137,34.7421,34.5587,34.7421,34.771499999999996,0.6583562270483977
长预算2,40,706.0,710.6227106227107,35.390100000000004,35.3008,35.1,35.4794,35.3008,35.2934,0.5378008891184329
长预算2,24,711.0,715.5067155067155,35.14075,35.0967,35.1848,34.6418,35.0967,34.97443333333333,0.8332298087203782
长预算2,46,716.0,720.3907203907204,35.771249999999995,35.6119,35.9306,34.7151,35.6119,35.4192,1.779390860109899
长预算2,59,719.0,723.4432234432235,36.4701,35.1862,36.1433,36.7969,36.1433,36.04213333333333,2.2476517075722056
长预算2,13,722.0,726.4957264957264,36.1138,36.0319,36.639,36.1957,36.1957,36.28886666666667,0.8655275858765139
长预算2,36,728.0,732.6007326007326,35.44025,36.9888,35.7483,35.1322,35.7483,35.95643333333333,2.629953890520946
长预算2,11,735.0,739.3162393162393,35.9552,36.9049,35.8304,36.08,36.08,36.271766666666664,1.550332537046942
长预算2,29,742.0,746.6422466422466,36.29625,35.7567,36.2671,36.3254,36.2671,36.1164,0.8662830311720269
长预算2,54,746.0,750.3052503052503,36.67895,36.74,36.6179,36.2778,36.6179,36.545233333333336,0.6553938881632199
长预算2,16,750.0,754.5787545787546,35.799350000000004,36.4289,35.7033,35.8954,35.8954,36.0092,1.0440323468173434
